<faces-config version="2.2"
              xmlns="http://xmlns.jcp.org/xml/ns/javaee"
              xmlns:xsi="http://www.w3.org/2001/XMLSchema-instance"
              xsi:schemaLocation="http://xmlns.jcp.org/xml/ns/javaee http://xmlns.jcp.org/xml/ns/javaee/web-facesconfig_2_2.xsd">

    <flow-definition id="indexflow">
        <start-node>index</start-node>
        <view id="index">
            <vdl-document>/indexflow/index.xhtml</vdl-document>
        </view>
        <flow-return id="indexFlowReturn1">
            <from-outcome>/exit</from-outcome>
        </flow-return>
    </flow-definition>
</faces-config>
